equipamento_id,unidade,modelo,marca,tipo_equipamento,falhas,downtime_h,mttr_h,mtbf_h,disponibilidade_pct,taxa_falha_por_dia,ultima_falha
13020045.0,USA1,JD COLHEDORA CH670,JOHN DEERE,COLHEDORAS,24,48.47888888888889,2.019953703703704,29.277958937198065,93.54604338353248,0.8,2026-04-24 09:43:48
13020239.0,USA1,JD COLHEDORA CH570,JOHN DEERE,COLHEDORAS,24,20.755277777777778,0.8648032407407408,28.349456521739132,97.03979067834737,0.8,2026-04-25 02:57:15
13020248.0,USA1,JD COLHEDORA CH570,JOHN DEERE,COLHEDORAS,24,14.468333333333334,0.6028472222222222,30.268985507246374,98.04725807014762,0.8,2026-04-25 02:49:47
13020209.0,USA1,JD COLHEDORA CH570,JOHN DEERE,COLHEDORAS,23,37.068333333333335,1.6116666666666668,31.14181818181818,95.07940399587368,0.7666666666666667,2026-04-25 16:19:00
13020233.0,USA1,JD COLHEDORA CH570,JOHN DEERE,COLHEDORAS,23,24.839166666666667,1.079963768115942,32.71531565656566,96.80439461812168,0.7666666666666667,2026-04-26 02:20:00
13020197.0,USA1,JD COLHEDORA CH570,JOHN DEERE,COLHEDORAS,22,43.780833333333334,1.9900378787878787,33.136812169312165,94.3347101261204,0.7333333333333333,2026-04-25 15:27:51
13020247.0,USA1,JD COLHEDORA CH570,JOHN DEERE,COLHEDORAS,22,13.77888888888889,0.6263131313131314,31.281679894179895,98.03712777919709,0.7333333333333333,2026-04-23 13:11:00
13020193.0,USA1,JD COLHEDORA CH570,JOHN DEERE,COLHEDORAS,18,35.945277777777775,1.9969598765432097,41.51078431372549,95.41010476707302,0.6,2026-04-25 20:16:00
11020061.0,USA1,VV VM 330 6X4,VOLVO,CAMINHOES,16,101.12583333333333,6.320364583333333,34.93683333333333,84.6805772023114,0.5333333333333333,2026-04-21 15:08:22
15150002.0,USA1,DM PLANTADEIRA DE CANA,DMB,IMPLEMENTOS AGRICOLAS,16,22.801944444444445,1.4251215277777778,40.86333333333334,96.62999858363628,0.5333333333333333,2026-04-25 20:22:00
13020002.0,USA1,CS COLHEDORA A8810SR,CASE,COLHEDORAS,15,74.74111111111111,4.9827407407407405,47.956130952380946,90.58774661911025,0.5,2026-04-24 07:23:09
13020029.0,USA1,CS COLHEDORA A9900,CASE,COLHEDORAS,14,110.79555555555557,7.913968253968255,27.595427350427354,77.71303025786052,0.4666666666666667,2026-04-24 10:37:05
15150004.0,USA1,DM PLANTADEIRA DE CANA,DMB,IMPLEMENTOS AGRICOLAS,14,55.67555555555556,3.9768253968253973,49.85745726495726,92.61283851071248,0.4666666666666667,2026-04-24 08:52:49
15220003.0,USA1,MT TRANSBORDO MGT22000,MEGATEC,IMPLEMENTOS AGRICOLAS,13,23.06388888888889,1.7741452991452993,53.759097222222216,96.8052553414963,0.43333333333333335,2026-04-23 04:09:00
13100019.0,USA1,JD 7225J,JOHN DEERE,TRATORES,12,183.8227777777778,15.318564814814815,51.80462121212121,77.17843010510916,0.4,2026-04-19 23:38:45
13090030.0,USA1,JD 7195J,JOHN DEERE,TRATORES,12,135.23611111111111,11.269675925925926,54.128232323232325,82.76752846132356,0.4,2026-04-21 07:32:00
11060061.0,USA1,VV FM 540 6x4,VOLVO,CAMINHOES,12,124.48138888888889,10.373449074074074,58.19166666666667,84.87066059466993,0.4,2026-04-24 12:49:58
13100382.0,USA1,JD 7230J,JOHN DEERE,TRATORES,12,32.03055555555556,2.669212962962963,62.46406565656566,95.901921384067,0.4,2026-04-25 12:36:53
15020009.0,USA1,IK ARADO MFD 6/5 PM HD,IKEDA,IMPLEMENTOS AGRICOLAS,12,12.665555555555555,1.0554629629629628,34.69699494949495,97.047859015603,0.4,2026-04-13 11:20:01
15020014.0,USA1,IK ARADO MFD 6/5 PM HD,IKEDA,IMPLEMENTOS AGRICOLAS,12,10.121111111111112,0.843425925925926,52.85563131313131,98.42934686512062,0.4,2026-04-25 15:57:57
13050051.0,USA1,CP PA 938K,CATERPILLAR,MAQUINAS PESADAS,11,302.9577777777778,27.54161616161616,53.7011111111111,66.0995918204955,0.36666666666666664,2026-04-21 15:16:58
13100346.0,USA1,JD 7230J,JOHN DEERE,TRATORES,11,237.85194444444443,21.622904040404038,43.014694444444444,66.54748235197412,0.36666666666666664,2026-04-24 09:16:14
13090310.0,USA1,JD 7200J,JOHN DEERE,TRATORES,11,113.14555555555556,10.285959595959596,43.094833333333334,80.73097263732264,0.36666666666666664,2026-04-25 02:26:54
13100275.0,USA1,CS PUMA 230 C4,CASE,TRATORES,11,27.93777777777778,2.5397979797979797,64.93147222222223,96.23573415441356,0.36666666666666664,2026-04-23 04:38:00
11050067.0,USA1,MB AXOR 3344 S 6x4 RODO,MERCEDES BENZ,CAMINHOES,10,348.54,34.854,66.70435185185185,65.68081367562637,0.3333333333333333,2026-04-24 16:15:34
15140005.0,USA1,CM GRADE DESTORROADORA,CIVEMASA,IMPLEMENTOS AGRICOLAS,10,84.91944444444445,8.491944444444446,44.954567901234576,84.1113216340093,0.3333333333333333,2026-04-24 15:52:28
15150001.0,USA1,DM PLANTADEIRA DE CANA,DMB,IMPLEMENTOS AGRICOLAS,10,78.86027777777778,7.8860277777777785,66.06574074074074,89.33625532457278,0.3333333333333333,2026-04-25 17:31:00
11060019.0,USA1,VV FH 520 6X4,VOLVO,CAMINHOES,10,67.2636111111111,6.72636111111111,55.46037037037037,89.18360725693688,0.3333333333333333,2026-04-23 15:02:19
15120093.0,USA1,DM PLANT./DISTR. DE TORTA,DMB,IMPLEMENTOS AGRICOLAS,10,51.92333333333333,5.192333333333333,68.25543209876543,92.93057684902128,0.3333333333333333,2026-04-23 09:09:22
11020060.0,USA1,VV VM 330 6X4,VOLVO,CAMINHOES,10,45.895833333333336,4.589583333333334,52.34546296296296,91.93891349547934,0.3333333333333333,2026-04-20 21:40:09
13090309.0,USA1,JD 7200J,JOHN DEERE,TRATORES,10,29.093055555555555,2.9093055555555556,62.85839506172839,95.57639155961158,0.3333333333333333,2026-04-21 02:17:32
13090029.0,USA1,JD 7195J,JOHN DEERE,TRATORES,10,17.111666666666665,1.7111666666666665,49.27324074074074,96.64374511016078,0.3333333333333333,2026-04-15 14:44:12
15190043.0,USA1,MD SUBSOLADORES,MARCAS DIVERSAS,IMPLEMENTOS AGRICOLAS,10,16.009722222222223,1.6009722222222222,37.35456790123456,95.8902579269894,0.3333333333333333,2026-04-23 14:59:28
13100027.0,USA1,JD 7225J,JOHN DEERE,TRATORES,9,319.92305555555555,35.5470061728395,78.49975694444444,68.8312011658906,0.3,2026-04-22 12:18:12
10500154.0,USA1,GM SPIN 18L AT PREMIER,CHEVROLET,VEICULOS LEVES,9,109.48305555555555,12.164783950617284,75.76416666666667,86.16521195213026,0.3,2026-04-23 13:46:16
15120025.0,USA1,SO DIST TORTA FILT SPANDE,SOLLUS,IMPLEMENTOS AGRICOLAS,9,96.64194444444445,10.737993827160494,65.65746527777777,85.94419883986745,0.3,2026-04-25 13:50:58
13100488.0,USA1,CS PUMA 230 C4,CASE,TRATORES,9,74.68222222222222,8.298024691358025,80.12864583333334,90.61592544181455,0.3,2026-04-23 02:05:00
15020008.0,USA1,IK ARADO MFD 6/5 PM HD,IKEDA,IMPLEMENTOS AGRICOLAS,9,31.48361111111111,3.4981790123456786,86.47,96.11175967909094,0.3,2026-04-25 09:11:00
16050001.0,USA1,FC PRANCHA 3 EIXOS,FACHINI,IMPLEMENTOS RODOVIARIOS,9,26.71611111111111,2.9684567901234566,55.35666666666667,94.91050063130578,0.3,2026-04-14 20:17:25
11060224.0,USA1,VV FM 540 6X4 EURO VI,VOLVO,CAMINHOES,9,20.536944444444444,2.281882716049383,83.54982638888889,97.34144555684014,0.3,2026-04-25 20:41:19
13100450.0,USA1,JD 7230J,JOHN DEERE,TRATORES,9,16.225,1.802777777777778,83.90753472222221,97.89666176076797,0.3,2026-04-25 05:13:00
11060220.0,USA1,VV FM 540 6X4 EURO VI,VOLVO,CAMINHOES,9,5.427777777777778,0.6030864197530864,76.25559027777777,99.21533072690482,0.3,2026-04-25 20:39:06
15120001.0,USA1,DM CALCAREADEIRA,DMB,IMPLEMENTOS AGRICOLAS,8,412.7727777777778,51.59659722222222,98.73666666666666,65.6785225787706,0.26666666666666666,2026-04-25 03:17:04
15140001.0,USA1,MD GRADE SUPER PESADA,MARCAS DIVERSAS,IMPLEMENTOS AGRICOLAS,8,93.52472222222222,11.690590277777778,63.565119047619056,84.46551048076759,0.26666666666666666,2026-04-15 23:00:00
13100449.0,USA1,JD 7230J,JOHN DEERE,TRATORES,8,59.18333333333333,7.397916666666666,93.3938492063492,92.66019738558103,0.26666666666666666,2026-04-24 16:53:01
13050111.0,USA1,CP PA 938K,CATERPILLAR,MAQUINAS PESADAS,8,34.16194444444445,4.270243055555556,66.81904761904762,93.99312749496724,0.26666666666666666,2026-04-25 19:19:00
13100383.0,USA1,JD 7230J,JOHN DEERE,TRATORES,8,23.059166666666666,2.8823958333333333,96.92761904761905,97.11211761988886,0.26666666666666666,2026-04-24 09:11:36
11140046.0,USA1,VV VM 290 6X4R,VOLVO,CAMINHOES,8,22.656944444444445,2.8321180555555556,94.22142857142856,97.08190153375793,0.26666666666666666,2026-04-25 07:13:00
10500159.0,USA1,GM SPIN 18L AT PREMIER,CHEVROLET,VEICULOS LEVES,8,22.314444444444444,2.7893055555555555,71.9979761904762,96.27034772432606,0.26666666666666666,2026-04-17 10:01:49
11060221.0,USA1,VV FM 540 6X4 EURO VI,VOLVO,CAMINHOES,8,13.7125,1.7140625,80.94329365079365,97.92630374376724,0.26666666666666666,2026-04-22 12:15:58
13100374.0,USA1,JD 7230J,JOHN DEERE,TRATORES,8,9.381944444444445,1.1727430555555556,100.64242063492064,98.8481646416434,0.26666666666666666,2026-04-25 14:44:24
11050052.0,USA1,MB AXOR 3344 S 6x4 RODO,MERCEDES BENZ,CAMINHOES,7,165.29166666666666,23.613095238095237,79.10407407407406,77.0115401385991,0.23333333333333334,2026-04-16 09:58:09
13100025.0,USA1,JD 7225J,JOHN DEERE,TRATORES,7,80.99805555555555,11.571150793650792,101.40212962962964,89.75762166921523,0.23333333333333334,2026-04-25 00:39:11
13100277.0,USA1,CS PUMA 230 C4,CASE,TRATORES,7,78.69305555555556,11.24186507936508,93.4236574074074,89.25924715965009,0.23333333333333334,2026-04-24 22:13:30
13100489.0,USA1,CS PUMA 230 C4,CASE,TRATORES,7,72.20527777777778,10.315039682539682,54.05074074074074,83.97434224411448,0.23333333333333334,2026-04-12 06:15:00
13040060.0,USA1,CP MOTONIVELADORA 140K,CATERPILLAR,MAQUINAS PESADAS,7,44.47527777777778,6.353611111111111,71.29875,91.81787775645371,0.23333333333333334,2026-04-25 08:31:00
13050009.0,USA1,CP PA 938K,CATERPILLAR,MAQUINAS PESADAS,7,34.58416666666666,4.940595238095237,23.23888888888889,82.4674035343173,0.23333333333333334,2026-04-08 12:15:04
13090020.0,USA1,JD 7185J,JOHN DEERE,TRATORES,7,33.27777777777778,4.753968253968254,111.83430555555556,95.92243019076253,0.23333333333333334,2026-04-25 13:55:55
10500165.0,USA1,VW/POLO TRACK MA,VOLKSWAGEN,VEICULOS LEVES,7,31.769444444444446,4.538492063492064,96.50379629629629,95.50832415104107,0.23333333333333334,2026-04-24 13:42:52
13090024.0,USA1,JD 7195J,JOHN DEERE,TRATORES,7,31.65527777777778,4.52218253968254,99.97777777777777,95.67255095031175,0.23333333333333334,2026-04-25 10:42:00
11050044.0,USA1,VV FM 540 6x4,VOLVO,CAMINHOES,7,25.512777777777778,3.6446825396825395,91.82092592592592,96.18220362467439,0.23333333333333334,2026-04-24 08:19:45
15190040.0,USA1,MD SUBSOLADORES,MARCAS DIVERSAS,IMPLEMENTOS AGRICOLAS,7,22.771944444444443,3.2531349206349205,28.144027777777776,89.63876146426637,0.23333333333333334,2026-04-22 21:36:51
11120002.0,USA1,MB ATEGO 2730/48,MERCEDES BENZ,CAMINHOES,7,14.748611111111112,2.1069444444444447,72.43777777777778,97.17358334482282,0.23333333333333334,2026-04-18 13:11:58
13100012.0,USA1,JD 8345R ,JOHN DEERE,TRATORES,7,7.965,1.137857142857143,61.02319444444444,98.16950145822567,0.23333333333333334,2026-04-14 19:31:21
15110086.0,USA1,SO DIST TORTA FILT SPANDE,SOLLUS,IMPLEMENTOS AGRICOLAS,6,145.37861111111113,24.229768518518522,112.0685,82.22298142017375,0.2,2026-04-23 21:00:01
15380001.0,USA1,NN CRT APLIC VINHACA,NONINO,IMPLEMENTOS AGRICOLAS,6,142.0688888888889,23.67814814814815,134.44872222222222,85.02585418108362,0.2,2026-04-24 06:52:42
15140002.0,USA1,CM GRADE DESTORROADORA,CIVEMASA,IMPLEMENTOS AGRICOLAS,6,135.9911111111111,22.665185185185184,60.58977777777778,72.77617528306621,0.2,2026-04-09 08:50:00
16050002.0,USA1,FC PRANCHA 3 EIXOS,FACHINI,IMPLEMENTOS RODOVIARIOS,6,115.39333333333333,19.232222222222223,119.90183333333334,86.17720000654845,0.2,2026-04-22 06:09:15
13100026.0,USA1,JD 7225J,JOHN DEERE,TRATORES,6,108.30194444444444,18.050324074074073,99.59533333333334,84.65704177115036,0.2,2026-04-23 08:08:36
11020002.0,USA1,VV FM 420,VOLVO,CAMINHOES,6,100.25972222222222,16.709953703703704,124.98205555555555,88.20684822590887,0.2,2026-04-23 07:50:57
13090021.0,USA1,JD 7195J,JOHN DEERE,TRATORES,6,85.9486111111111,14.324768518518518,105.81461111111112,88.07654196094613,0.2,2026-04-22 09:24:23
13090321.0,USA1,JD 6150J,JOHN DEERE,TRATORES,6,80.2525,13.375416666666666,77.68561111111111,85.31159048708787,0.2,2026-04-15 11:09:26
11140151.0,USA1,VV VM270 6x4 I SHIFT,VOLVO,CAMINHOES,6,37.35388888888889,6.2256481481481485,137.15511111111113,95.65796123530703,0.2,2026-04-25 10:48:50
13040046.0,USA1,CP MOTONIVELADORA 140K,CATERPILLAR,MAQUINAS PESADAS,6,36.48222222222223,6.080370370370371,113.57772222222222,94.91854646967121,0.2,2026-04-25 12:24:19
10500163.0,USA1,VW/POLO TRACK MA,VOLKSWAGEN,VEICULOS LEVES,6,31.247222222222224,5.207870370370371,76.60505555555555,93.63441618615911,0.2,2026-04-13 07:08:45
15120078.0,USA1,SO DIST TORTA FILT SPANDE,SOLLUS,IMPLEMENTOS AGRICOLAS,6,29.1325,4.855416666666667,119.24772222222222,96.08759559980687,0.2,2026-04-24 13:53:15
11120011.0,USA1,VV VM 330 6X4,VOLVO,CAMINHOES,6,27.448888888888888,4.574814814814815,100.25672222222222,95.6360319192892,0.2,2026-04-18 11:05:39
11200002.0,USA1,MD ONIBUS,MARCAS DIVERSAS,ONIBUS,6,23.657777777777778,3.942962962962963,120.655,96.83545150402256,0.2,2026-04-24 12:26:30
11060096.0,USA1,VV FM 540 6X4 EURO VI,VOLVO,CAMINHOES,6,17.18027777777778,2.86337962962963,119.55811111111112,97.6610482258433,0.2,2026-04-25 06:59:48
11060095.0,USA1,VV FM 540 6X4 EURO VI,VOLVO,CAMINHOES,6,6.332222222222223,1.0553703703703705,107.55377777777778,99.0282859332155,0.2,2026-04-19 18:10:55
11060004.0,USA1,VV FM 480 6x4 R,VOLVO,CAMINHOES,6,5.605277777777778,0.9342129629629631,38.128777777777785,97.60844485983348,0.2,2026-04-10 08:49:23
13100002.0,USA1,CS PUMA 230 C4,CASE,TRATORES,5,359.4841666666667,71.89683333333333,120.26409722222223,62.58509306471781,0.16666666666666666,2026-04-16 21:07:59
15190042.0,USA1,MD SUBSOLADORES,MARCAS DIVERSAS,IMPLEMENTOS AGRICOLAS,5,296.155,59.230999999999995,120.43319444444445,67.03238495396737,0.16666666666666666,2026-04-17 15:19:26
11220005.0,USA1,MB 1418 ATEGO,MERCEDES BENZ,CAMINHOES,5,150.47166666666666,30.09433333333333,155.44166666666666,83.77978757042658,0.16666666666666666,2026-04-22 14:00:00
13130024.0,USA1,VT PULVERIZADOR BS2225H,VALTRA,TRATORES,5,84.26305555555557,16.852611111111113,141.9413888888889,89.38712349892873,0.16666666666666666,2026-04-25 07:07:19
13100001.0,USA1,CS PUMA 230 C4,CASE,TRATORES,5,69.2936111111111,13.858722222222221,53.457430555555554,79.41248623050065,0.16666666666666666,2026-04-15 11:33:00
10500158.0,USA1,GM SPIN 18L AT PREMIER,CHEVROLET,VEICULOS LEVES,5,62.48166666666666,12.496333333333332,145.78631944444444,92.10505187142797,0.16666666666666666,2026-04-23 16:02:59
13100276.0,USA1,CS PUMA 230 C4,CASE,TRATORES,5,53.425555555555555,10.68511111111111,147.6090972222222,93.24984077205745,0.16666666666666666,2026-04-24 06:46:11
15380022.0,USA1,TM CVX-22500,TMA,IMPLEMENTOS AGRICOLAS,5,44.52444444444444,8.904888888888888,60.884930555555556,87.24041850261908,0.16666666666666666,2026-04-21 00:56:18
13100016.0,USA1,JD 7225J,JOHN DEERE,TRATORES,5,29.623888888888892,5.924777777777779,104.01666666666667,94.61096967779818,0.16666666666666666,2026-04-20 18:05:00
16070186.0,USA1,SG SEMI REB. CANA PICADA,SERGOMEL,IMPLEMENTOS RODOVIARIOS,5,27.013055555555557,5.402611111111112,91.08159722222223,94.40052294107426,0.16666666666666666,2026-04-22 02:13:00
13100475.0,USA1,JD 8345R ,JOHN DEERE,TRATORES,5,18.694166666666668,3.7388333333333335,31.143958333333334,89.28172558818997,0.16666666666666666,2026-04-14 13:08:00
13090025.0,USA1,JD 7195J,JOHN DEERE,TRATORES,5,17.071944444444444,3.414388888888889,112.85881944444445,97.06347753035206,0.16666666666666666,2026-04-18 08:36:07
15380002.0,USA1,NN CRT APLIC VINHACA,NONINO,IMPLEMENTOS AGRICOLAS,5,15.466666666666667,3.0933333333333333,77.17979166666666,96.14648945916416,0.16666666666666666,2026-04-11 10:18:29
13100022.0,USA1,JD 7225J,JOHN DEERE,TRATORES,5,13.659722222222221,2.7319444444444443,82.00159722222222,96.77584060490277,0.16666666666666666,2026-04-24 15:45:23
15220069.0,USA1,MT TRANSBORDO MGT22000,MEGATEC,IMPLEMENTOS AGRICOLAS,5,11.425833333333333,2.2851666666666666,131.83208333333334,98.29614261650408,0.16666666666666666,2026-04-24 04:20:00
11060223.0,USA1,VV FM 540 6X4 EURO VI,VOLVO,CAMINHOES,5,8.239166666666666,1.6478333333333333,96.50402777777778,98.32113898332715,0.16666666666666666,2026-04-23 08:04:21
15220039.0,USA1,MT TRANSBORDO MGT22000,MEGATEC,IMPLEMENTOS AGRICOLAS,5,7.920555555555556,1.584111111111111,103.24340277777777,98.48884033175662,0.16666666666666666,2026-04-13 12:49:38
11050051.0,USA1,MB AXOR 3344 S 6x4 RODO,MERCEDES BENZ,CAMINHOES,5,6.265,1.253,109.53680555555556,98.8690295161032,0.16666666666666666,2026-04-14 19:44:30
15120002.0,USA1,DM DISTRIBUIDOR DE TORTA,DMB,IMPLEMENTOS AGRICOLAS,5,4.28,0.8560000000000001,132.06472222222223,99.35600711033686,0.16666666666666666,2026-04-24 08:57:37
11050042.0,USA1,VV FM 540 6x4,VOLVO,CAMINHOES,4,435.4191666666666,108.85479166666666,76.94916666666667,41.41416972862302,0.13333333333333333,2026-04-06 12:33:33
15140030.0,USA1,MD GRADE PESADA,MARCAS DIVERSAS,IMPLEMENTOS AGRICOLAS,4,308.4872222222222,77.12180555555555,169.58805555555557,68.73987719492814,0.13333333333333333,2026-04-24 19:44:00
13100350.0,USA1,JD 7230J,JOHN DEERE,TRATORES,4,175.75444444444443,43.93861111111111,218.57074074074072,83.26207778841037,0.13333333333333333,2026-04-24 16:18:44
13090362.0,USA1,VT BH154 4x4,VALTRA,TRATORES,4,107.93083333333334,26.982708333333335,126.93101851851851,82.46893965519705,0.13333333333333333,2026-04-22 16:12:08
13100278.0,USA1,CS PUMA 230 C4,CASE,TRATORES,4,70.29277777777779,17.573194444444447,72.86037037037038,80.56784062374416,0.13333333333333333,2026-04-16 10:58:57
11070067.0,USA1,VV VM 290 6X4R,VOLVO,CAMINHOES,4,65.22694444444444,16.30673611111111,174.44796296296295,91.45146295726174,0.13333333333333333,2026-04-20 06:32:37
11060222.0,USA1,VV FM 540 6X4 EURO VI,VOLVO,CAMINHOES,4,55.22888888888889,13.807222222222222,101.87842592592592,88.064878882348,0.13333333333333333,2026-04-12 08:21:35
11040039.0,USA1,VV FM 540 6X4 EURO VI,VOLVO,CAMINHOES,4,39.26416666666667,9.816041666666667,127.25953703703703,92.8389566110207,0.13333333333333333,2026-04-25 19:20:43
13090166.0,USA1,VT BH 185 I 4X4,VALTRA,TRATORES,4,34.540277777777774,8.635069444444444,47.67546296296297,84.66526762352449,0.13333333333333333,2026-04-20 09:58:29
10500160.0,USA1,GM SPIN 18L AT PREMIER,CHEVROLET,VEICULOS LEVES,4,34.00888888888889,8.502222222222223,224.16611111111112,96.34577593761267,0.13333333333333333,2026-04-25 08:31:11
13020028.0,USA1,CS COLHEDORA A9900,CASE,COLHEDORAS,4,32.623333333333335,8.155833333333334,83.01,91.05384875547308,0.13333333333333333,2026-04-18 15:35:51
11050043.0,USA1,VV FM 540 6x4,VOLVO,CAMINHOES,4,31.043888888888887,7.760972222222222,186.5839814814815,96.00659956725477,0.13333333333333333,2026-04-24 23:31:21
16020802.0,USA1,SG REBOQUE CANA PICADA,SERGOMEL,IMPLEMENTOS RODOVIARIOS,4,30.135555555555555,7.533888888888889,103.22055555555555,93.19766450305481,0.13333333333333333,2026-04-18 13:15:21
10500155.0,USA1,GM SPIN 18L AT PREMIER,CHEVROLET,VEICULOS LEVES,4,29.119722222222222,7.279930555555556,176.04379629629628,96.02892070733505,0.13333333333333333,2026-04-25 17:27:16
13100325.0,USA1,CS PUMA 230 C4,CASE,TRATORES,4,25.94472222222222,6.486180555555555,55.81407407407408,89.5888378079425,0.13333333333333333,2026-04-22 10:04:14
13050008.0,USA1,CP PA 938K,CATERPILLAR,MAQUINAS PESADAS,4,25.5175,6.379375,192.6291666666667,96.79442151247694,0.13333333333333333,2026-04-23 08:55:54
16070150.0,USA1,SG SEMI REB. CANA PICADA,SERGOMEL,IMPLEMENTOS RODOVIARIOS,4,22.580833333333334,5.645208333333334,168.18185185185186,96.75239958190673,0.13333333333333333,2026-04-21 08:01:49
11070052.0,USA1,VV VM270 6x4 I SHIFT,VOLVO,CAMINHOES,4,19.72277777777778,4.930694444444445,51.0025,91.18467219078316,0.13333333333333333,2026-04-03 14:39:46
13020001.0,USA1,CS COLHEDORA A8810SR,CASE,COLHEDORAS,4,19.458055555555553,4.864513888888888,83.34101851851852,94.48502406127943,0.13333333333333333,2026-04-07 08:07:52
16020822.0,USA1,SG REBOQUE CANA PICADA,SERGOMEL,IMPLEMENTOS RODOVIARIOS,4,16.834722222222222,4.2086805555555555,151.0902777777778,97.28994926899506,0.13333333333333333,2026-04-24 11:57:10
12010053.0,USA1,CV GM S10 LT DD4A,CHEVROLET,VEICULOS LEVES,4,16.16861111111111,4.042152777777778,225.26787037037036,98.23725421057313,0.13333333333333333,2026-04-24 13:22:43
15220600.0,USA1,TT MCT 15000 TRIDEM,TESTON,IMPLEMENTOS AGRICOLAS,4,15.75,3.9375,198.16666666666666,98.05174724255231,0.13333333333333333,2026-04-25 06:55:00
13040002.0,USA1,NH MOTONIVEL. RG170B,NEW HOLLAND,MAQUINAS PESADAS,4,14.3925,3.598125,49.76444444444444,93.25721186693231,0.13333333333333333,2026-04-17 11:49:09
11110096.0,USA1,VV VM220 4X2,VOLVO,CAMINHOES,4,13.346944444444444,3.336736111111111,165.83240740740743,98.02757403524606,0.13333333333333333,2026-04-22 09:00:00
15140020.0,USA1,CM SUPER GRADE ARADORA,CIVEMASA,IMPLEMENTOS AGRICOLAS,4,12.966666666666667,3.2416666666666667,45.55583333333333,93.35690011441842,0.13333333333333333,2026-04-17 13:34:26
13090324.0,USA1,JD 7200J,JOHN DEERE,TRATORES,4,12.950833333333334,3.2377083333333334,184.3676851851852,98.27419229660168,0.13333333333333333,2026-04-23 09:31:11
13090322.0,USA1,JD 6150J,JOHN DEERE,TRATORES,4,12.783055555555556,3.195763888888889,39.35962962962963,92.49034346845315,0.13333333333333333,2026-04-18 08:18:43
12010032.0,USA1,CV GM S10 LT DD4A,CHEVROLET,VEICULOS LEVES,4,11.753055555555557,2.9382638888888892,73.96555555555555,96.17930044292339,0.13333333333333333,2026-04-10 14:08:00
11070075.0,USA1,VV VM 290 6X4R,VOLVO,CAMINHOES,4,11.645277777777778,2.9113194444444446,165.50842592592593,98.27139066263152,0.13333333333333333,2026-04-22 14:25:10
10500188.0,USA1,FT STRADA CS,FIAT,VEICULOS LEVES,4,11.172777777777778,2.7931944444444445,150.71611111111113,98.18043965847167,0.13333333333333333,2026-04-18 08:25:57
13100345.0,USA1,JD 7230J,JOHN DEERE,TRATORES,4,10.936944444444444,2.734236111111111,193.33592592592595,98.60548077142171,0.13333333333333333,2026-04-24 11:20:28
11060231.0,USA1,VV FM 540 6X4 EURO VI,VOLVO,CAMINHOES,4,10.544166666666667,2.636041666666667,29.693240740740737,91.84627226349235,0.13333333333333333,2026-04-24 08:03:31
16040007.0,USA1,SG REBOQUE TRANP. VINHAÇA,SERGOMEL,IMPLEMENTOS RODOVIARIOS,4,7.533611111111111,1.8834027777777778,110.72296296296297,98.32744555302138,0.13333333333333333,2026-04-14 14:40:08
13100373.0,USA1,JD 7230J,JOHN DEERE,TRATORES,4,6.182222222222222,1.5455555555555556,70.88851851851852,97.86625897367722,0.13333333333333333,2026-04-23 12:13:00
13100003.0,USA1,CS PUMA 230 C4,CASE,TRATORES,4,5.595277777777778,1.3988194444444444,57.148888888888884,97.61080410443999,0.13333333333333333,2026-04-21 01:27:48
13090028.0,USA1,JD 7195J,JOHN DEERE,TRATORES,4,3.8769444444444443,0.9692361111111111,140.2935185185185,99.31387709828233,0.13333333333333333,2026-04-17 12:45:07
11060210.0,USA1,VV FM 540 6X4 EURO VI,VOLVO,CAMINHOES,4,3.5569444444444445,0.8892361111111111,208.9059259259259,99.57614079253452,0.13333333333333333,2026-04-25 15:08:44
11060209.0,USA1,VV FM 540 6X4 EURO VI,VOLVO,CAMINHOES,4,3.4458333333333333,0.8614583333333333,136.2074074074074,99.37151421755927,0.13333333333333333,2026-04-16 14:30:45
15220693.0,USA1,MT TRANSBORDO MGT22000,MEGATEC,IMPLEMENTOS AGRICOLAS,4,1.6994444444444445,0.42486111111111113,171.58314814814813,99.75299922780296,0.13333333333333333,2026-04-25 17:42:00
11060070.0,USA1,VV FM 540 6x4,VOLVO,CAMINHOES,3,435.08666666666664,145.02888888888887,342.1623611111111,70.23163103013675,0.1,2026-04-25 07:03:47
13090010.0,USA1,JD 6145J,JOHN DEERE,TRATORES,3,224.77888888888887,74.92629629629629,181.16013888888887,70.7417941750353,0.1,2026-04-14 15:29:14
15110004.0,USA1,MT CALCAREADEIRA,MASCHIETO,IMPLEMENTOS AGRICOLAS,3,212.35194444444443,70.78398148148148,267.3661111111111,79.06728904351864,0.1,2026-04-18 15:05:41
11040002.0,USA1,VV FH 520,VOLVO,CAMINHOES,3,136.82833333333335,45.60944444444445,128.19972222222222,73.75889585161248,0.1,2026-04-12 15:24:58
16020775.0,USA1,US REB.CANAVIEIRO 4 EIXOS,USICAMP,IMPLEMENTOS RODOVIARIOS,3,69.09722222222223,23.03240740740741,79.67305555555555,77.57431129470376,0.1,2026-04-23 06:41:52
13090340.0,USA1,VT BH 185 I 4X4,VALTRA,TRATORES,3,61.966944444444444,20.65564814814815,95.79708333333333,82.26263318569488,0.1,2026-04-22 08:05:39
11060026.0,USA1,VV FMX 500 R,VOLVO,CAMINHOES,3,59.32694444444444,19.775648148148147,69.06819444444444,77.7411156799774,0.1,2026-04-14 06:45:47
9130.0,USA1,VV VM 270 6X4R,VOLVO,CAMINHOES,3,55.871944444444445,18.623981481481483,116.84722222222223,86.25244260602055,0.1,2026-04-20 09:30:02
15140003.0,USA1,MD GRADE SEMI PESADA,MARCAS DIVERSAS,IMPLEMENTOS AGRICOLAS,3,41.56666666666667,13.855555555555556,78.76666666666667,85.04078694817659,0.1,2026-04-22 22:41:00
15120043.0,USA1,SO DIST TORTA FILT SPANDE,SOLLUS,IMPLEMENTOS AGRICOLAS,3,36.83472222222222,12.27824074074074,97.23486111111112,88.78833625098976,0.1,2026-04-09 17:29:06
11140007.0,USA1,VV VM 330 6X4,VOLVO,CAMINHOES,3,33.378055555555555,11.126018518518519,239.10527777777776,95.55370623771044,0.1,2026-04-22 07:41:39
11140052.0,USA1,VV VM 290 6X4R,VOLVO,CAMINHOES,3,31.999444444444443,10.666481481481481,162.05944444444444,93.82462046487693,0.1,2026-04-16 23:04:08
10500184.0,USA1,VW/POLO TRACK MA,VOLKSWAGEN,VEICULOS LEVES,3,29.341944444444444,9.780648148148147,192.2775,95.15948837610001,0.1,2026-04-20 11:14:36
13090367.0,USA1,VT BH154 4x4,VALTRA,TRATORES,3,27.756944444444443,9.252314814814815,73.74097222222223,88.8517310915932,0.1,2026-04-21 21:32:03
13130019.0,USA1,JD PULVERIZADOR M4025,JOHN DEERE,TRATORES,3,24.719166666666666,8.239722222222222,257.36097222222224,96.89770305779615,0.1,2026-04-21 22:00:00
11100070.0,USA1,VV FM13 440 6X4,VOLVO,CAMINHOES,3,22.435833333333335,7.478611111111111,29.006944444444443,79.50254286323354,0.1,2026-04-15 19:23:49
13090026.0,USA1,JD 7195J,JOHN DEERE,TRATORES,3,21.634722222222223,7.211574074074075,178.76125000000002,96.12224306966397,0.1,2026-04-16 11:11:21
16500198.0,USA1,VW/POLO TRACK MA,VOLKSWAGEN,VEICULOS LEVES,3,21.415555555555557,7.138518518518519,287.8668055555556,97.58020688578281,0.1,2026-04-24 08:31:34
16070147.0,USA1,SG SEMI REB. CANA PICADA,SERGOMEL,IMPLEMENTOS RODOVIARIOS,3,15.643055555555556,5.214351851851852,178.83458333333334,97.16686660175169,0.1,2026-04-14 07:12:31
16070193.0,USA1,SG SEMI REB. CANA PICADA,SERGOMEL,IMPLEMENTOS RODOVIARIOS,3,15.34,5.113333333333333,314.9615277777778,98.40245706408093,0.1,2026-04-22 13:22:54
15220659.0,USA1,MT TRANSBORDO MGT22000,MEGATEC,IMPLEMENTOS AGRICOLAS,3,14.150555555555556,4.716851851851852,297.40472222222223,98.43875702478122,0.1,2026-04-23 17:13:37
16070192.0,USA1,SG SEMI REB. CANA PICADA,SERGOMEL,IMPLEMENTOS RODOVIARIOS,3,13.106111111111112,4.368703703703704,337.28458333333333,98.72130493999019,0.1,2026-04-24 11:59:37
16020800.0,USA1,SG REBOQUE CANA PICADA,SERGOMEL,IMPLEMENTOS RODOVIARIOS,3,11.618611111111111,3.87287037037037,155.35791666666668,97.56776284132191,0.1,2026-04-21 06:48:28
16070156.0,USA1,SG SEMI REB. CANA PICADA,SERGOMEL,IMPLEMENTOS RODOVIARIOS,3,11.155000000000001,3.7183333333333337,71.95138888888889,95.0861015157244,0.1,2026-04-06 07:32:22
15390029.0,USA1,DM QUEBRA LOMBO,DMB,IMPLEMENTOS AGRICOLAS,3,10.484444444444446,3.494814814814815,142.46694444444444,97.60566409136842,0.1,2026-04-08 11:41:21
16020810.0,USA1,SG REBOQUE CANA PICADA,SERGOMEL,IMPLEMENTOS RODOVIARIOS,3,10.213611111111112,3.4045370370370374,166.1761111111111,97.99237880370477,0.1,2026-04-15 16:22:14
10500151.0,USA1,FT STRADA CS,FIAT,VEICULOS LEVES,3,9.690555555555555,3.230185185185185,288.78166666666664,98.89381709519654,0.1,2026-04-23 07:41:15
16070154.0,USA1,SG SEMI REB. CANA PICADA,SERGOMEL,IMPLEMENTOS RODOVIARIOS,3,8.6075,2.8691666666666666,201.53041666666667,98.59629524685104,0.1,2026-04-25 07:35:00
15220132.0,USA1,MT TRANSBORDO MGT22000,MEGATEC,IMPLEMENTOS AGRICOLAS,3,8.4275,2.8091666666666666,266.81972222222225,98.95813587399965,0.1,2026-04-19 09:59:34
13100343.0,USA1,JD 7230J,JOHN DEERE,TRATORES,3,7.040277777777778,2.3467592592592594,144.71916666666667,98.40428077103238,0.1,2026-04-11 10:41:18
10500164.0,USA1,VW/POLO TRACK MA,VOLKSWAGEN,VEICULOS LEVES,3,6.381944444444445,2.127314814814815,45.83611111111111,95.5647146263067,0.1,2026-03-31 07:39:41
11010018.0,USA1,VV VM220 4X2,VOLVO,CAMINHOES,3,5.887777777777778,1.9625925925925927,220.22430555555556,99.11669292431277,0.1,2026-04-25 07:50:23
16100023.0,USA1,US SEM REB. TRANS. VINHAÇ,USICAMP,IMPLEMENTOS RODOVIARIOS,3,5.807222222222222,1.9357407407407408,146.19597222222222,98.69323003020646,0.1,2026-04-20 21:36:19
13050054.0,USA1,CP PA 938K,CATERPILLAR,MAQUINAS PESADAS,3,5.583888888888889,1.8612962962962962,156.84166666666667,98.82718239058292,0.1,2026-04-23 15:07:10
10500173.0,USA1,RN DUSTER,RENAULT,VEICULOS LEVES,3,5.338055555555556,1.779351851851852,297.6384722222222,99.40572948275396,0.1,2026-04-25 07:58:08
10500162.0,USA1,VW/POLO TRACK MA,VOLKSWAGEN,VEICULOS LEVES,3,5.155555555555556,1.7185185185185186,234.54041666666666,99.27261226451752,0.1,2026-04-21 20:32:46
15220002.0,USA1,MT TRANSBORDO MGT22000,MEGATEC,IMPLEMENTOS AGRICOLAS,3,5.022222222222222,1.674074074074074,91.18902777777778,98.19726668537866,0.1,2026-04-05 13:47:41
16020804.0,USA1,SG REBOQUE CANA PICADA,SERGOMEL,IMPLEMENTOS RODOVIARIOS,3,4.885277777777778,1.628425925925926,157.7476388888889,98.97824938279278,0.1,2026-04-17 20:10:39
16020808.0,USA1,SG REBOQUE CANA PICADA,SERGOMEL,IMPLEMENTOS RODOVIARIOS,3,4.486944444444444,1.495648148148148,355.0543055555556,99.58052213087902,0.1,2026-04-25 21:21:11
40500243.0,USA1,VW/POLO TRACK MA,VOLKSWAGEN,VEICULOS LEVES,3,4.421944444444445,1.4739814814814816,336.1577777777778,99.5634351801752,0.1,2026-04-25 08:32:02
16070184.0,USA1,SG SEMI REB. CANA PICADA,SERGOMEL,IMPLEMENTOS RODOVIARIOS,3,4.3933333333333335,1.4644444444444444,145.49652777777777,99.00351472754954,0.1,2026-04-09 23:07:07
16040006.0,USA1,SG REBOQUE TRANP. VINHAÇA,SERGOMEL,IMPLEMENTOS RODOVIARIOS,3,4.1977777777777785,1.3992592592592594,118.62541666666667,98.83419034588952,0.1,2026-04-20 08:48:03
13090009.0,USA1,JD 6145J,JOHN DEERE,TRATORES,3,3.5255555555555556,1.175185185185185,189.05666666666667,99.3822353229782,0.1,2026-04-15 10:05:38
16100002.0,USA1,SG SEM REB. TRANS. VINHAÇ,SERGOMEL,IMPLEMENTOS RODOVIARIOS,3,3.492222222222222,1.164074074074074,143.60805555555555,99.19592667659713,0.1,2026-04-12 17:03:53
10500156.0,USA1,GM SPIN 18L AT PREMIER,CHEVROLET,VEICULOS LEVES,3,3.471111111111111,1.157037037037037,108.83958333333332,98.94811583015807,0.1,2026-04-23 07:58:21
15220006.0,USA1,MT TRANSBORDO MGT22000,MEGATEC,IMPLEMENTOS AGRICOLAS,3,3.0147222222222223,1.0049074074074074,245.95263888888888,99.59308495630997,0.1,2026-04-16 19:55:37
11060093.0,USA1,VV FM 540 6X4 EURO VI,VOLVO,CAMINHOES,3,2.348611111111111,0.7828703703703703,180.20152777777778,99.56743764745426,0.1,2026-04-19 11:02:36
15220071.0,USA1,MT TRANSBORDO MGT22000,MEGATEC,IMPLEMENTOS AGRICOLAS,3,2.2705555555555557,0.7568518518518519,109.94569444444444,99.31631938273026,0.1,2026-04-11 18:10:00
16020776.0,USA1,US REB.CANAVIEIRO 4 EIXOS,USICAMP,IMPLEMENTOS RODOVIARIOS,2,132.3988888888889,66.19944444444445,502.99111111111114,88.36954622695191,0.06666666666666667,2026-04-17 08:39:16
12040025.0,USA1,HD TRX420 FOURTRAX FM 4X4,HONDA,QUADRICICLOS,2,60.51138888888889,30.255694444444444,117.49888888888889,79.52300784051633,0.06666666666666667,2026-04-21 07:02:57
16100004.0,USA1,SG SEM REB. TRANS. VINHAÇ,SERGOMEL,IMPLEMENTOS RODOVIARIOS,2,49.79055555555556,24.89527777777778,282.2361111111111,91.89425806725858,0.06666666666666667,2026-04-24 08:23:22
16070124.0,USA1,US SEMI REB.CANA PICADA,USICAMP,IMPLEMENTOS RODOVIARIOS,2,46.91444444444444,23.45722222222222,67.25555555555556,74.14121494583026,0.06666666666666667,2026-04-16 11:21:44
11110007.0,USA1,VV VM 260 6x4,VOLVO,CAMINHOES,2,46.70527777777778,23.35263888888889,274.5386111111111,92.16068317250375,0.06666666666666667,2026-04-19 08:30:07
16040002.0,USA1,HD HIDRO ROLL,HIDRO ROLL,IMPLEMENTOS AGRICOLAS,2,34.83,17.415,117.87777777777778,87.12791600110049,0.06666666666666667,2026-04-02 07:49:56
13050108.0,USA1,CP PA 938K,CATERPILLAR,MAQUINAS PESADAS,2,34.03861111111111,17.019305555555555,285.6613888888889,94.37714202856787,0.06666666666666667,2026-04-22 08:39:41
16070127.0,USA1,US SEMI REB.CANA PICADA,USICAMP,IMPLEMENTOS RODOVIARIOS,2,31.4175,15.70875,284.64916666666664,94.76998969285255,0.06666666666666667,2026-04-15 06:52:57
13050016.0,USA1,CP PA 938K,CATERPILLAR,MAQUINAS PESADAS,2,30.257777777777775,15.128888888888888,47.458888888888886,75.8277263931545,0.06666666666666667,2026-04-02 10:17:32
15120073.0,USA1,SO DIST TORTA FILT SPANDE,SOLLUS,IMPLEMENTOS AGRICOLAS,2,30.133333333333333,15.066666666666666,96.63333333333334,86.51148910772905,0.06666666666666667,2026-04-15 14:10:00
13050004.0,USA1,CP PA 938K,CATERPILLAR,MAQUINAS PESADAS,2,29.942777777777778,14.971388888888889,79.4161111111111,84.13837755117056,0.06666666666666667,2026-03-31 15:41:12
13010064.0,USA1,VT 1280 PCR 4x4,VALTRA,TRATORES,2,28.912222222222223,14.456111111111111,114.48944444444444,88.78898070675824,0.06666666666666667,2026-04-22 08:07:49
12040019.0,USA1,HD TRX420 FOURTRAX FM 4X4,HONDA,QUADRICICLOS,2,24.8,12.4,309.42944444444447,96.14702749731138,0.06666666666666667,2026-04-20 06:29:53
16020778.0,USA1,US REB.CANAVIEIRO 4 EIXOS,USICAMP,IMPLEMENTOS RODOVIARIOS,2,15.015,7.5075,128.8972222222222,94.4961582871235,0.06666666666666667,2026-04-15 06:53:58
11120125.0,USA1,MB ATEGO 2730/48,MERCEDES BENZ,CAMINHOES,2,12.851111111111111,6.4255555555555555,45.035,87.51362964082523,0.06666666666666667,2026-04-15 01:06:31
13100017.0,USA1,JD 7225J,JOHN DEERE,TRATORES,2,11.61277777777778,5.80638888888889,22.22388888888889,79.28529665342042,0.06666666666666667,2026-04-25 10:37:20
16020806.0,USA1,SG REBOQUE CANA PICADA,SERGOMEL,IMPLEMENTOS RODOVIARIOS,2,11.513055555555555,5.7565277777777775,5.379166666666666,48.30562380732629,0.06666666666666667,2026-04-11 20:50:59
15220692.0,USA1,MT TRANSBORDO MGT22000,MEGATEC,IMPLEMENTOS AGRICOLAS,2,11.030555555555555,5.5152777777777775,199.00277777777777,97.3032807481002,0.06666666666666667,2026-04-06 11:20:10
15220663.0,USA1,MT TRANSBORDO MGT22000,MEGATEC,IMPLEMENTOS AGRICOLAS,2,10.363333333333333,5.181666666666667,131.29666666666665,96.20330455383638,0.06666666666666667,2026-04-17 16:07:30
10500180.0,USA1,VW/POLO TRACK MA,VOLKSWAGEN,VEICULOS LEVES,2,9.485277777777778,4.742638888888889,334.86027777777775,98.60347521881151,0.06666666666666667,2026-04-22 09:29:15
16040029.0,USA1,US REBOQUE TRANP. VINHAÇA,USICAMP,IMPLEMENTOS RODOVIARIOS,2,9.063611111111111,4.531805555555556,357.3227777777778,98.74761692561431,0.06666666666666667,2026-04-22 10:32:58
15220007.0,USA1,MT TRANSBORDO MGT22000,MEGATEC,IMPLEMENTOS AGRICOLAS,2,8.279166666666667,4.139583333333333,194.70916666666668,97.91822511666112,0.06666666666666667,2026-04-19 23:44:24
16500190.0,USA1,VW/POLO TRACK MA,VOLKSWAGEN,VEICULOS LEVES,2,7.976388888888889,3.9881944444444444,145.6136111111111,97.33412679771207,0.06666666666666667,2026-04-22 09:50:07
30500301.0,USA1,VW/POLO TRACK MA,VOLKSWAGEN,VEICULOS LEVES,2,7.505277777777778,3.752638888888889,264.69083333333333,98.60207482125608,0.06666666666666667,2026-04-15 08:28:32
16020820.0,USA1,SG REBOQUE CANA PICADA,SERGOMEL,IMPLEMENTOS RODOVIARIOS,2,7.339444444444444,3.669722222222222,75.835,95.38427137451654,0.06666666666666667,2026-04-15 10:45:00
10500196.0,USA1,GM SPIN 18L AT PREMIER,CHEVROLET,VEICULOS LEVES,2,7.050833333333333,3.5254166666666666,445.4747222222222,99.2148294930619,0.06666666666666667,2026-04-15 07:27:53
10500179.0,USA1,VW/POLO TRACK MA,VOLKSWAGEN,VEICULOS LEVES,2,6.219722222222222,3.109861111111111,119.26472222222222,97.45873609829565,0.06666666666666667,2026-04-22 10:06:51
16020155.0,USA1,US REB.CANAVIEIRO 4 EIXOS,USICAMP,IMPLEMENTOS RODOVIARIOS,2,5.779166666666667,2.8895833333333334,157.86222222222221,98.2024566857293,0.06666666666666667,2026-04-08 07:15:52
16040023.0,USA1,US REBOQUE TRANP. VINHAÇA,USICAMP,IMPLEMENTOS RODOVIARIOS,2,5.681666666666667,2.8408333333333333,290.5961111111111,99.03187605135687,0.06666666666666667,2026-04-20 19:52:56
11110008.0,USA1,VV VM 260 6x4,VOLVO,CAMINHOES,2,5.332222222222223,2.6661111111111113,142.47944444444445,98.16314657317176,0.06666666666666667,2026-04-22 09:05:25
10500122.0,USA1,RENAULT/KWID ZEN 2,RENAULT,VEICULOS LEVES,2,5.081388888888888,2.540694444444444,164.37472222222223,98.47785513454502,0.06666666666666667,2026-04-04 07:14:35
10500112.0,USA1,RN DUSTER,RENAULT,VEICULOS LEVES,2,5.012777777777778,2.506388888888889,407.79555555555555,99.38913550792878,0.06666666666666667,2026-04-24 08:28:50
11060021.0,USA1,VV FMX 500 R,VOLVO,CAMINHOES,2,4.731944444444444,2.365972222222222,79.44972222222222,97.10816825758437,0.06666666666666667,2026-04-16 15:49:32
10500123.0,USA1,RENAULT/KWID ZEN 2,RENAULT,VEICULOS LEVES,2,4.2775,2.13875,100.67805555555556,97.91984395114828,0.06666666666666667,2026-04-22 11:40:41
14010005.0,USA1,MD MOTO BOMBA,MARCAS DIVERSAS,MOTO BOMBA,2,4.064166666666667,2.0320833333333335,83.5475,97.62550452551476,0.06666666666666667,2026-04-01 23:03:00
12010023.0,USA1,TY HILLUX CD 4x4,TOYOTA,VEICULOS LEVES,2,3.9225000000000003,1.9612500000000002,214.15083333333334,99.09248480244625,0.06666666666666667,2026-04-06 07:43:21
11140148.0,USA1,VV VM270 6x4 I SHIFT,VOLVO,CAMINHOES,2,3.2933333333333334,1.6466666666666667,204.63833333333332,99.20175162194698,0.06666666666666667,2026-04-18 07:15:21
11120142.0,USA1,VV VM 360 6X4R,VOLVO,CAMINHOES,2,3.2536111111111112,1.6268055555555556,365.40305555555557,99.5567647954772,0.06666666666666667,2026-04-11 11:57:29
11070005.0,USA1,VV VM 270 6X4R,VOLVO,CAMINHOES,2,3.1927777777777777,1.5963888888888889,312.095,99.49109572483216,0.06666666666666667,2026-04-23 14:08:34
16020815.0,USA1,SG REBOQUE CANA PICADA,SERGOMEL,IMPLEMENTOS RODOVIARIOS,2,3.1919444444444447,1.5959722222222223,135.5011111111111,98.83588170993993,0.06666666666666667,2026-04-03 11:20:00
16020811.0,USA1,SG REBOQUE CANA PICADA,SERGOMEL,IMPLEMENTOS RODOVIARIOS,2,3.0236111111111112,1.5118055555555556,397.2897222222222,99.62091279740584,0.06666666666666667,2026-04-24 22:02:23
16230024.0,USA1,RD SEMI REB.RODOTORTA,RANDON,IMPLEMENTOS RODOVIARIOS,2,3.0180555555555557,1.5090277777777779,2.289722222222222,60.275675478044676,0.06666666666666667,2026-03-27 15:50:39
10500148.0,USA1,FT STRADA CS,FIAT,VEICULOS LEVES,2,3.0130555555555554,1.5065277777777777,36.22,96.00671499202963,0.06666666666666667,2026-04-15 20:40:53
11100008.0,USA1,VV FH 520 6X4,VOLVO,CAMINHOES,2,2.9875,1.49375,479.3875,99.68937237623634,0.06666666666666667,2026-04-19 06:56:30
13050133.0,USA1,CP PA 930K,CATERPILLAR,MAQUINAS PESADAS,2,2.8761111111111113,1.4380555555555556,400.5238888888889,99.64224086995522,0.06666666666666667,2026-04-16 06:51:26
14010001.0,USA1,MD MOTO BOMBA,MARCAS DIVERSAS,MOTO BOMBA,2,2.8475,1.42375,120.66666666666667,98.83385605613326,0.06666666666666667,2026-04-07 15:20:00
15220658.0,USA1,MT TRANSBORDO MGT22000,MEGATEC,IMPLEMENTOS AGRICOLAS,2,2.7005555555555554,1.3502777777777777,313.30055555555555,99.57086470629261,0.06666666666666667,2026-04-25 02:10:00
16020821.0,USA1,SG REBOQUE CANA PICADA,SERGOMEL,IMPLEMENTOS RODOVIARIOS,2,2.5766666666666667,1.2883333333333333,460.26694444444445,99.72087128121767,0.06666666666666667,2026-04-21 22:02:24
11140149.0,USA1,VV VM270 6x4 I SHIFT,VOLVO,CAMINHOES,2,2.5291666666666663,1.2645833333333332,180.2186111111111,99.30319535249285,0.06666666666666667,2026-04-17 19:50:41
12030017.0,USA1,CHEVROLET/S10 LTZ DD4A,CHEVROLET,VEICULOS LEVES,2,2.4966666666666666,1.2483333333333333,76.715,98.39881995809996,0.06666666666666667,2026-04-13 13:53:17
11110003.0,USA1,VV VM210 4X2,VOLVO,CAMINHOES,2,2.4580555555555557,1.2290277777777778,250.7097222222222,99.51217199506715,0.06666666666666667,2026-04-26 01:12:03
15140004.0,USA1,MD GRADE SEMI PESADA,MARCAS DIVERSAS,IMPLEMENTOS AGRICOLAS,2,2.358611111111111,1.1793055555555556,332.7247222222222,99.64681301887725,0.06666666666666667,2026-04-13 09:23:29
16020818.0,USA1,SG REBOQUE CANA PICADA,SERGOMEL,IMPLEMENTOS RODOVIARIOS,2,1.8958333333333333,0.9479166666666666,187.88972222222222,99.49802556723112,0.06666666666666667,2026-04-17 04:28:23
16020823.0,USA1,SG REBOQUE CANA PICADA,SERGOMEL,IMPLEMENTOS RODOVIARIOS,2,1.8416666666666666,0.9208333333333333,459.715,99.80009515832282,0.06666666666666667,2026-04-21 11:54:16
16070197.0,USA1,SG SEMI REB. CANA PICADA,SERGOMEL,IMPLEMENTOS RODOVIARIOS,2,1.801111111111111,0.9005555555555556,120.155,99.25608077099587,0.06666666666666667,2026-04-15 15:33:07
13050010.0,USA1,CP PA 938H,CATERPILLAR,MAQUINAS PESADAS,2,1.6341666666666668,0.8170833333333334,427.6452777777778,99.8092986905047,0.06666666666666667,2026-04-24 09:00:20
16070185.0,USA1,SG SEMI REB. CANA PICADA,SERGOMEL,IMPLEMENTOS RODOVIARIOS,2,1.6219444444444444,0.8109722222222222,49.61555555555555,98.39177461157735,0.06666666666666667,2026-04-07 16:11:21
11120010.0,USA1,VV VM 330 6X4,VOLVO,CAMINHOES,2,0.6894444444444444,0.3447222222222222,194.915,99.82345451570913,0.06666666666666667,2026-04-14 09:15:38
11120128.0,USA1,MB ATEGO 2730/48,MERCEDES BENZ,CAMINHOES,2,0.5580555555555555,0.27902777777777776,336.19138888888887,99.91707212166168,0.06666666666666667,2026-04-21 23:52:00
15220134.0,USA1,MT TRANSBORDO MGT22000,MEGATEC,IMPLEMENTOS AGRICOLAS,2,0.37194444444444447,0.18597222222222223,23.168333333333333,99.20369191976259,0.06666666666666667,2026-03-30 12:12:00
11060208.0,USA1,VV FM 540 6X4 EURO VI,VOLVO,CAMINHOES,2,0.36416666666666664,0.18208333333333332,46.28638888888889,99.6081572631384,0.06666666666666667,2026-03-31 20:13:40
11120004.0,USA1,VV VM 310 6X4,VOLVO,CAMINHOES,1,144.52666666666667,144.52666666666667,575.4733333333334,79.92685185185185,0.03333333333333333,2026-04-18 07:52:24
16050007.0,USA1,US PRANCHA 2 EIXOS PESC.,USICAMP,IMPLEMENTOS RODOVIARIOS,1,100.8711111111111,100.8711111111111,619.1288888888889,85.99012345679013,0.03333333333333333,2026-04-11 09:17:44
13100372.0,USA1,JD 7230J,JOHN DEERE,TRATORES,1,95.565,95.565,624.435,86.72708333333333,0.03333333333333333,2026-04-10 13:31:06
16160007.0,USA1,FP REB. AREA DE VIVENCIA,FABRICAÇÃO PRÓPRIA,IMPLEMENTOS RODOVIARIOS,1,51.064166666666665,51.064166666666665,668.9358333333333,92.90775462962964,0.03333333333333333,2026-04-20 06:26:09
11030012.0,USA1,VV VM 330 6X4,VOLVO,CAMINHOES,1,40.0975,40.0975,679.9025,94.43090277777777,0.03333333333333333,2026-03-28 21:28:15
13050086.0,USA1,CP PA 938K,CATERPILLAR,MAQUINAS PESADAS,1,29.60861111111111,29.60861111111111,690.3913888888889,95.88769290123457,0.03333333333333333,2026-04-08 10:07:29
13050001.0,USA1,CP PA 938K,CATERPILLAR,MAQUINAS PESADAS,1,28.269444444444446,28.269444444444446,691.7305555555556,96.07368827160495,0.03333333333333333,2026-04-13 09:48:50
16040001.0,USA1,HD HIDRO ROLL,HIDRO ROLL,IMPLEMENTOS AGRICOLAS,1,23.897777777777776,23.897777777777776,696.1022222222223,96.68086419753087,0.03333333333333333,2026-04-09 10:26:08
13090331.0,USA1,JD 6150J,JOHN DEERE,TRATORES,1,22.740555555555556,22.740555555555556,697.2594444444444,96.84158950617284,0.03333333333333333,2026-04-13 13:35:34
16020824.0,USA1,SG REBOQUE CANA PICADA,SERGOMEL,IMPLEMENTOS RODOVIARIOS,1,21.976388888888888,21.976388888888888,698.0236111111111,96.9477237654321,0.03333333333333333,2026-04-18 17:31:25
15120020.0,USA1,SO DIST TORTA FILT SPANDE,SOLLUS,IMPLEMENTOS AGRICOLAS,1,13.251111111111111,13.251111111111111,706.7488888888889,98.15956790123457,0.03333333333333333,2026-04-23 08:39:56
15150043.0,USA1,DM DISTRIBUIDOR DE TORTA,DMB,IMPLEMENTOS AGRICOLAS,1,11.064166666666667,11.064166666666667,708.9358333333333,98.46331018518518,0.03333333333333333,2026-04-16 20:45:50
16040028.0,USA1,US REBOQUE TRANP. VINHAÇA,USICAMP,IMPLEMENTOS RODOVIARIOS,1,10.483611111111111,10.483611111111111,709.5163888888889,98.54394290123456,0.03333333333333333,2026-04-24 12:20:17
16070050.0,USA1,US SEMI REB.CANA PICADA,USICAMP,IMPLEMENTOS RODOVIARIOS,1,9.061666666666667,9.061666666666667,710.9383333333333,98.74143518518518,0.03333333333333333,2026-04-12 06:56:18
16020471.0,USA1,US REB.CANAVIEIRO 4 EIXOS,USICAMP,IMPLEMENTOS RODOVIARIOS,1,8.99388888888889,8.99388888888889,711.0061111111111,98.7508487654321,0.03333333333333333,2026-04-05 06:45:22
16020924.0,USA1,US REBOQUE CANA PICADA,USICAMP,IMPLEMENTOS RODOVIARIOS,1,8.474166666666667,8.474166666666667,711.5258333333334,98.82303240740741,0.03333333333333333,2026-04-09 10:56:33
11110006.0,USA1,VV VM220 4X2,VOLVO,CAMINHOES,1,6.0969444444444445,6.0969444444444445,713.9030555555555,99.15320216049382,0.03333333333333333,2026-04-01 02:09:11
11020001.0,USA1,VV VM 260 6x4,VOLVO,CAMINHOES,1,5.812222222222222,5.812222222222222,714.1877777777778,99.19274691358025,0.03333333333333333,2026-03-31 10:30:16
10500167.0,USA1,VW/POLO TRACK MA,VOLKSWAGEN,VEICULOS LEVES,1,5.395277777777777,5.395277777777777,714.6047222222222,99.25065586419754,0.03333333333333333,2026-04-08 11:27:17
10500149.0,USA1,FT STRADA CS,FIAT,VEICULOS LEVES,1,5.272777777777778,5.272777777777778,714.7272222222222,99.26766975308641,0.03333333333333333,2026-04-13 06:43:38
16100003.0,USA1,SG SEM REB. TRANS. VINHAÇ,SERGOMEL,IMPLEMENTOS RODOVIARIOS,1,5.205,5.205,714.795,99.27708333333332,0.03333333333333333,2026-04-19 17:09:42
10500157.0,USA1,GM SPIN 18L AT PREMIER,CHEVROLET,VEICULOS LEVES,1,4.821111111111111,4.821111111111111,715.1788888888889,99.3304012345679,0.03333333333333333,2026-03-27 17:00:44
11120126.0,USA1,MB ATEGO 2730/48,MERCEDES BENZ,CAMINHOES,1,4.651666666666666,4.651666666666666,715.3483333333334,99.3539351851852,0.03333333333333333,2026-04-23 08:12:54
10500127.0,USA1,RENAULT OROCH,RENAULT,VEICULOS LEVES,1,4.515555555555555,4.515555555555555,715.4844444444444,99.37283950617284,0.03333333333333333,2026-04-17 09:55:04
10500144.0,USA1,FT STRADA CS,FIAT,VEICULOS LEVES,1,4.335555555555556,4.335555555555556,715.6644444444445,99.39783950617284,0.03333333333333333,2026-04-15 08:26:39
10500195.0,USA1,RENAULT OROCH,RENAULT,VEICULOS LEVES,1,4.314722222222223,4.314722222222223,715.6852777777777,99.40073302469136,0.03333333333333333,2026-04-16 07:55:24
10500171.0,USA1,RN DUSTER,RENAULT,VEICULOS LEVES,1,4.035833333333334,4.035833333333334,715.9641666666666,99.43946759259259,0.03333333333333333,2026-04-13 07:57:51
13100005.0,USA1,VT BH210 I 4X4,VALTRA,TRATORES,1,3.9455555555555555,3.9455555555555555,716.0544444444445,99.45200617283952,0.03333333333333333,2026-03-28 10:23:16
13120001.0,USA1,JC LOADALL 535-125,JCB,TRATORES,1,3.835,3.835,716.165,99.4673611111111,0.03333333333333333,2026-04-09 22:17:14
11030001.0,USA1,VV VM220 4X2,VOLVO,CAMINHOES,1,3.6847222222222222,3.6847222222222222,716.3152777777777,99.48823302469135,0.03333333333333333,2026-04-22 15:53:55
16020816.0,USA1,SG REBOQUE CANA PICADA,SERGOMEL,IMPLEMENTOS RODOVIARIOS,1,3.6347222222222224,3.6347222222222224,716.3652777777778,99.49517746913581,0.03333333333333333,2026-04-04 16:54:55
10500121.0,USA1,FT STRADA CS,FIAT,VEICULOS LEVES,1,3.602222222222222,3.602222222222222,716.3977777777778,99.4996913580247,0.03333333333333333,2026-04-23 07:20:52
10500166.0,USA1,VW/POLO TRACK MA,VOLKSWAGEN,VEICULOS LEVES,1,3.3766666666666665,3.3766666666666665,716.6233333333333,99.53101851851852,0.03333333333333333,2026-03-30 10:06:55
11060025.0,USA1,VV FMX 500 R,VOLVO,CAMINHOES,1,3.1375,3.1375,716.8625,99.5642361111111,0.03333333333333333,2026-04-20 06:53:45
10500168.0,USA1,VW/POLO TRACK MA,VOLKSWAGEN,VEICULOS LEVES,1,3.01,3.01,716.99,99.58194444444445,0.03333333333333333,2026-04-22 09:59:24
16020301.0,USA1,RD REB. CANAV. 4 EIXOS,RANDON,IMPLEMENTOS RODOVIARIOS,1,2.9827777777777778,2.9827777777777778,717.0172222222222,99.58572530864198,0.03333333333333333,2026-04-07 11:29:08
16020807.0,USA1,SG REBOQUE CANA PICADA,SERGOMEL,IMPLEMENTOS RODOVIARIOS,1,2.980277777777778,2.980277777777778,717.0197222222222,99.58607253086419,0.03333333333333333,2026-04-01 09:41:03
16100027.0,USA1,US SEM REB. TRANS. VINHAÇ,USICAMP,IMPLEMENTOS RODOVIARIOS,1,2.9433333333333334,2.9433333333333334,717.0566666666666,99.5912037037037,0.03333333333333333,2026-04-04 07:16:24
10500186.0,USA1,VW/POLO TRACK MA,VOLKSWAGEN,VEICULOS LEVES,1,2.9116666666666666,2.9116666666666666,717.0883333333334,99.59560185185185,0.03333333333333333,2026-04-17 09:32:18
16070149.0,USA1,SG SEMI REB. CANA PICADA,SERGOMEL,IMPLEMENTOS RODOVIARIOS,1,2.8783333333333334,2.8783333333333334,717.1216666666667,99.60023148148149,0.03333333333333333,2026-04-11 12:30:18
11060018.0,USA1,VV FH 520 6X4,VOLVO,CAMINHOES,1,2.7822222222222224,2.7822222222222224,717.2177777777778,99.61358024691359,0.03333333333333333,2026-04-13 09:50:56
10500161.0,USA1,VW/POLO TRACK MA,VOLKSWAGEN,VEICULOS LEVES,1,2.683333333333333,2.683333333333333,717.3166666666667,99.62731481481482,0.03333333333333333,2026-04-01 06:50:38
11120141.0,USA1,VV VM 360 6X4R,VOLVO,CAMINHOES,1,2.649722222222222,2.649722222222222,717.3502777777778,99.63198302469137,0.03333333333333333,2026-03-31 06:36:01
30500313.0,USA1,VW/POLO TRACK MA,VOLKSWAGEN,VEICULOS LEVES,1,2.631388888888889,2.631388888888889,717.3686111111111,99.63452932098765,0.03333333333333333,2026-04-06 09:42:07
16020755.0,USA1,US SKID BOMBA VINHAÇA,USICAMP,IMPLEMENTOS AGRICOLAS,1,2.605277777777778,2.605277777777778,717.3947222222222,99.63815586419753,0.03333333333333333,2026-04-24 17:00:41
10500185.0,USA1,VW/POLO TRACK MA,VOLKSWAGEN,VEICULOS LEVES,1,2.528888888888889,2.528888888888889,717.4711111111111,99.64876543209876,0.03333333333333333,2026-04-16 10:51:16
11110115.0,USA1,VV VM 290 4X2R,VOLVO,CAMINHOES,1,2.4547222222222222,2.4547222222222222,717.5452777777778,99.65906635802469,0.03333333333333333,2026-04-02 08:05:43
11120008.0,USA1,VV VM 330 6X4,VOLVO,CAMINHOES,1,2.4252777777777776,2.4252777777777776,717.5747222222222,99.66315586419753,0.03333333333333333,2026-04-13 09:54:29
15390021.0,USA1,MD QUEBRA LOMBO,MARCAS DIVERSAS,IMPLEMENTOS AGRICOLAS,1,2.352222222222222,2.352222222222222,717.6477777777778,99.6733024691358,0.03333333333333333,2026-04-06 08:43:52
16020777.0,USA1,US REB.CANAVIEIRO 4 EIXOS,USICAMP,IMPLEMENTOS RODOVIARIOS,1,2.3002777777777776,2.3002777777777776,717.6997222222222,99.68051697530865,0.03333333333333333,2026-04-03 15:26:59
16020168.0,USA1,RD REB. CANAV. 4 EIXOS,RANDON,IMPLEMENTOS RODOVIARIOS,1,2.1441666666666666,2.1441666666666666,717.8558333333333,99.70219907407407,0.03333333333333333,2026-04-07 10:39:14
90500024.0,USA1,VW/POLO TRACK MA,VOLKSWAGEN,VEICULOS LEVES,1,2.0866666666666664,2.0866666666666664,717.9133333333333,99.71018518518518,0.03333333333333333,2026-04-04 07:48:21
14010003.0,USA1,MD MOTO BOMBA,MARCAS DIVERSAS,MOTO BOMBA,1,2.0833333333333335,2.0833333333333335,717.9166666666666,99.71064814814814,0.03333333333333333,2026-04-25 17:21:00
11120225.0,USA1,VV FM13 440 6X4,VOLVO,CAMINHOES,1,2.0,2.0,718.0,99.72222222222223,0.03333333333333333,2026-04-16 15:27:40
10500201.0,USA1,VW/SAVEIRO CS RB MPI,VOLKSWAGEN,VEICULOS LEVES,1,1.9116666666666666,1.9116666666666666,718.0883333333334,99.73449074074074,0.03333333333333333,2026-04-01 07:43:26
16020813.0,USA1,SG REBOQUE CANA PICADA,SERGOMEL,IMPLEMENTOS RODOVIARIOS,1,1.761388888888889,1.761388888888889,718.2386111111111,99.75536265432099,0.03333333333333333,2026-04-15 12:44:19
9137.0,USA1,MB ATEGO 2430/48,MERCEDES BENZ,CAMINHOES,1,1.705,1.705,718.295,99.76319444444444,0.03333333333333333,2026-04-10 06:40:20
16070190.0,USA1,SG SEMI REB. CANA PICADA,SERGOMEL,IMPLEMENTOS RODOVIARIOS,1,1.6152777777777778,1.6152777777777778,718.3847222222222,99.77565586419753,0.03333333333333333,2026-04-25 14:49:28
10500199.0,USA1,GM SPIN 18L AT PREMIER,CHEVROLET,VEICULOS LEVES,1,1.6025,1.6025,718.3975,99.77743055555555,0.03333333333333333,2026-04-03 12:40:00
12040020.0,USA1,HD TRX420 FOURTRAX FM 4X4,HONDA,QUADRICICLOS,1,1.5122222222222221,1.5122222222222221,718.4877777777778,99.78996913580247,0.03333333333333333,2026-04-07 07:59:16
13080023.0,USA1,VT BM 100 S 4x4,VALTRA,TRATORES,1,1.5,1.5,718.5,99.79166666666667,0.03333333333333333,2026-03-31 10:00:00
16070196.0,USA1,SG SEMI REB. CANA PICADA,SERGOMEL,IMPLEMENTOS RODOVIARIOS,1,1.4927777777777778,1.4927777777777778,718.5072222222223,99.79266975308643,0.03333333333333333,2026-04-08 08:40:00
10500170.0,USA1,VW/POLO TRACK MA,VOLKSWAGEN,VEICULOS LEVES,1,1.3833333333333333,1.3833333333333333,718.6166666666667,99.80787037037037,0.03333333333333333,2026-04-01 08:15:49
13090308.0,USA1,JD 6150J,JOHN DEERE,TRATORES,1,1.3822222222222222,1.3822222222222222,718.6177777777777,99.80802469135803,0.03333333333333333,2026-04-20 12:17:04
11020033.0,USA1,VV FMX 500 R,VOLVO,CAMINHOES,1,1.3094444444444444,1.3094444444444444,718.6905555555555,99.81813271604938,0.03333333333333333,2026-04-18 08:55:26
16160099.0,USA1,UG ÁREA DE VIVÊNCIA 8 LUG,USINGA,IMPLEMENTOS RODOVIARIOS,1,1.255,1.255,718.745,99.82569444444445,0.03333333333333333,2026-04-06 06:44:42
16040008.0,USA1,SG REBOQUE TRANP. VINHAÇA,SERGOMEL,IMPLEMENTOS RODOVIARIOS,1,1.191111111111111,1.191111111111111,718.8088888888889,99.83456790123456,0.03333333333333333,2026-04-21 09:30:32
16020469.0,USA1,US REB.CANAVIEIRO 4 EIXOS,USICAMP,IMPLEMENTOS RODOVIARIOS,1,1.1752777777777779,1.1752777777777779,718.8247222222222,99.83676697530865,0.03333333333333333,2026-04-24 17:18:29
10500146.0,USA1,FT STRADA CS,FIAT,VEICULOS LEVES,1,0.9980555555555556,0.9980555555555556,719.0019444444445,99.86138117283951,0.03333333333333333,2026-03-27 07:14:07
16020801.0,USA1,SG REBOQUE CANA PICADA,SERGOMEL,IMPLEMENTOS RODOVIARIOS,1,0.9888888888888889,0.9888888888888889,719.0111111111111,99.86265432098764,0.03333333333333333,2026-04-08 08:09:17
10500169.0,USA1,RENAULT/KWID ZEN 2,RENAULT,VEICULOS LEVES,1,0.94,0.94,719.06,99.86944444444444,0.03333333333333333,2026-04-06 08:06:01
16020809.0,USA1,SG REBOQUE CANA PICADA,SERGOMEL,IMPLEMENTOS RODOVIARIOS,1,0.9327777777777778,0.9327777777777778,719.0672222222222,99.8704475308642,0.03333333333333333,2026-04-07 08:34:02
10500202.0,USA1,VW/POLO TRACK MA,VOLKSWAGEN,VEICULOS LEVES,1,0.9086111111111111,0.9086111111111111,719.0913888888889,99.87380401234567,0.03333333333333333,2026-04-18 09:50:29
16070153.0,USA1,SG SEMI REB. CANA PICADA,SERGOMEL,IMPLEMENTOS RODOVIARIOS,1,0.8833333333333333,0.8833333333333333,719.1166666666667,99.87731481481481,0.03333333333333333,2026-03-30 13:05:00
13090005.0,USA1,VT BH 145 4x4,VALTRA,TRATORES,1,0.8602777777777778,0.8602777777777778,719.1397222222222,99.88051697530864,0.03333333333333333,2026-04-01 09:33:23
16020819.0,USA1,SG REBOQUE CANA PICADA,SERGOMEL,IMPLEMENTOS RODOVIARIOS,1,0.8333333333333334,0.8333333333333334,719.1666666666666,99.88425925925925,0.03333333333333333,2026-03-30 13:05:00
10500194.0,USA1,GM SPIN 18L AT PREMIER,CHEVROLET,VEICULOS LEVES,1,0.7780555555555555,0.7780555555555555,719.2219444444445,99.89193672839507,0.03333333333333333,2026-03-30 09:43:19
13130001.0,USA1,CS PULV. AUTOPROPELIDO,CASE,TRATORES,1,0.7011111111111111,0.7011111111111111,719.2988888888889,99.90262345679012,0.03333333333333333,2026-04-09 12:06:56
16070087.0,USA1,US SEMI REB.CANA PICADA,USICAMP,IMPLEMENTOS RODOVIARIOS,1,0.6922222222222222,0.6922222222222222,719.3077777777778,99.90385802469136,0.03333333333333333,2026-03-29 06:23:28
16100026.0,USA1,US SEM REB. TRANS. VINHAÇ,USICAMP,IMPLEMENTOS RODOVIARIOS,1,0.6472222222222223,0.6472222222222223,719.3527777777778,99.91010802469135,0.03333333333333333,2026-04-07 16:42:29
13050003.0,USA1,CP PA 938K,CATERPILLAR,MAQUINAS PESADAS,1,0.6025,0.6025,719.3975,99.91631944444444,0.03333333333333333,2026-04-14 21:46:51
13010005.0,USA1,VT 1280 PCR 4x4,VALTRA,TRATORES,1,0.5761111111111111,0.5761111111111111,719.4238888888889,99.91998456790124,0.03333333333333333,2026-04-21 07:51:26
16070187.0,USA1,SG SEMI REB. CANA PICADA,SERGOMEL,IMPLEMENTOS RODOVIARIOS,1,0.5591666666666667,0.5591666666666667,719.4408333333333,99.92233796296296,0.03333333333333333,2026-04-17 14:56:27
16160003.0,USA1,FP REB. AREA DE VIVENCIA,FABRICAÇÃO PRÓPRIA,IMPLEMENTOS RODOVIARIOS,1,0.48333333333333334,0.48333333333333334,719.5166666666667,99.93287037037037,0.03333333333333333,2026-04-07 12:15:00
14010009.0,USA1,MD MOTO BOMBA,MARCAS DIVERSAS,MOTO BOMBA,1,0.4747222222222222,0.4747222222222222,719.5252777777778,99.9340663580247,0.03333333333333333,2026-04-19 08:46:31
16070155.0,USA1,SG SEMI REB. CANA PICADA,SERGOMEL,IMPLEMENTOS RODOVIARIOS,1,0.3597222222222222,0.3597222222222222,719.6402777777778,99.95003858024691,0.03333333333333333,2026-04-06 15:53:25
15220004.0,USA1,MT TRANSBORDO MGT22000,MEGATEC,IMPLEMENTOS AGRICOLAS,1,0.21666666666666667,0.21666666666666667,719.7833333333333,99.9699074074074,0.03333333333333333,2026-04-25 07:01:00
63020003.0,USA1,CS COLHEDORA A9900,CASE,COLHEDORAS,1,0.2086111111111111,0.2086111111111111,719.7913888888888,99.9710262345679,0.03333333333333333,2026-04-20 15:35:00
9114.0,USA1,MB 1620/1621,MERCEDES BENZ,CAMINHOES,1,0.07277777777777777,0.07277777777777777,719.9272222222222,99.98989197530864,0.03333333333333333,2026-04-14 13:21:38
16160005.0,USA1,FP REB. AREA DE VIVENCIA,FABRICAÇÃO PRÓPRIA,IMPLEMENTOS RODOVIARIOS,1,0.016666666666666666,0.016666666666666666,719.9833333333333,99.99768518518519,0.03333333333333333,2026-03-30 12:15:00
16070125.0,USA1,US SEMI REB.CANA PICADA,USICAMP,IMPLEMENTOS RODOVIARIOS,1,0.0002777777777777778,0.0002777777777777778,719.9997222222222,99.99996141975308,0.03333333333333333,2026-04-13 16:08:28
